Geolocation,Commodity,Price_PHP,Year,Month
......City of Bacolod,Arrowroot,0.0,2026,June
......City of Butuan,Arrowroot,0.0,2026,June
......City of Davao,Arrowroot,0.0,2026,June
......City of Puerto Princesa,Arrowroot,0.0,2026,June
......City of Zamboanga,Arrowroot,0.0,2026,June
......Maguindanao del Norte,Arrowroot,0.0,2026,June
......Maguindanao del Sur,Arrowroot,0.0,2026,June
....Abra,Arrowroot,0.0,2026,June
....Agusan del Norte,Arrowroot,0.0,2026,June
....Agusan del Sur,Arrowroot,0.0,2026,June
....Aklan,Arrowroot,0.0,2026,June
....Albay,Arrowroot,0.0,2026,June
....Antique,Arrowroot,0.0,2026,June
....Apayao,Arrowroot,0.0,2026,June
....Aurora,Arrowroot,0.0,2026,June
....Basilan,Arrowroot,0.0,2026,June
....Bataan,Arrowroot,0.0,2026,June
....Batanes,Arrowroot,0.0,2026,June
....Batangas,Arrowroot,0.0,2026,June
....Benguet,Arrowroot,0.0,2026,June
....Biliran,Arrowroot,0.0,2026,June
....Bohol,Arrowroot,0.0,2026,June
....Bukidnon,Arrowroot,20.0,2026,June
....Bulacan,Arrowroot,0.0,2026,June
....Cagayan,Arrowroot,0.0,2026,June
....Camarines Norte,Arrowroot,0.0,2026,June
....Camarines Sur,Arrowroot,0.0,2026,June
....Camiguin,Arrowroot,0.0,2026,June
....Capiz,Arrowroot,0.0,2026,June
....Catanduanes,Arrowroot,0.0,2026,June
....Cavite,Arrowroot,0.0,2026,June
....Cebu,Arrowroot,0.0,2026,June
....Cotabato,Arrowroot,0.0,2026,June
....Davao Occidental,Arrowroot,0.0,2026,June
....Davao Oriental,Arrowroot,0.0,2026,June
....Davao de Oro,Arrowroot,0.0,2026,June
....Davao del Norte,Arrowroot,0.0,2026,June
....Davao del Sur,Arrowroot,0.0,2026,June
....Dinagat Islands,Arrowroot,0.0,2026,June
....Eastern Samar,Arrowroot,0.0,2026,June
....Guimaras,Arrowroot,0.0,2026,June
....Ifugao,Arrowroot,0.0,2026,June
....Ilocos Norte,Arrowroot,0.0,2026,June
....Ilocos Sur,Arrowroot,0.0,2026,June
....Iloilo,Arrowroot,0.0,2026,June
....Isabela,Arrowroot,0.0,2026,June
....Kalinga,Arrowroot,0.0,2026,June
....La Union,Arrowroot,0.0,2026,June
....Laguna,Arrowroot,0.0,2026,June
....Lanao del Norte,Arrowroot,0.0,2026,June
....Lanao del Sur,Arrowroot,0.0,2026,June
....Leyte,Arrowroot,0.0,2026,June
....Maguindanao,Arrowroot,0.0,2024,December
....Marinduque,Arrowroot,20.0,2026,June
....Masbate,Arrowroot,0.0,2026,June
....Misamis Occidental,Arrowroot,0.0,2026,June
....Misamis Oriental,Arrowroot,0.0,2026,June
....Mountain Province,Arrowroot,0.0,2026,June
....Negros Occidental,Arrowroot,0.0,2023,December
....Negros Occidental a/,Arrowroot,0.0,2026,June
....Negros Oriental,Arrowroot,0.0,2023,December
....Negros Oriental b/,Arrowroot,0.0,2026,June
....Northern Samar,Arrowroot,0.0,2026,June
....Nueva Ecija,Arrowroot,0.0,2026,June
....Nueva Vizcaya,Arrowroot,0.0,2026,June
....Occidental Mindoro,Arrowroot,0.0,2026,June
....Oriental Mindoro,Arrowroot,0.0,2026,June
....Palawan,Arrowroot,0.0,2026,June
....Pampanga,Arrowroot,0.0,2026,June
....Pangasinan,Arrowroot,35.0,2026,June
....Quezon,Arrowroot,0.0,2026,June
....Quirino,Arrowroot,0.0,2026,June
....Rizal,Arrowroot,0.0,2026,June
....Romblon,Arrowroot,0.0,2026,June
....Samar,Arrowroot,0.0,2026,June
....Sarangani,Arrowroot,0.0,2026,June
....Siquijor,Arrowroot,0.0,2023,December
....Siquijor b/,Arrowroot,0.0,2026,June
....Sorsogon,Arrowroot,0.0,2026,June
....South Cotabato,Arrowroot,0.0,2026,June
....Southern Leyte,Arrowroot,0.0,2026,June
....Sultan Kudarat,Arrowroot,0.0,2026,June
....Sulu,Arrowroot,0.0,2025,December
....Sulu c/,Arrowroot,0.0,2026,June
....Surigao del Norte,Arrowroot,0.0,2026,June
....Surigao del Sur,Arrowroot,0.0,2026,June
....Tarlac,Arrowroot,0.0,2026,June
....Tawi-tawi,Arrowroot,0.0,2026,June
....Zambales,Arrowroot,0.0,2026,June
....Zamboanga Sibugay,Arrowroot,0.0,2026,June
....Zamboanga del Norte,Arrowroot,0.0,2026,June
....Zamboanga del Sur,Arrowroot,0.0,2026,June
..BANGSAMORO AUTONOMOUS REGION IN MUSLIM MINDANAO (BARMM) 1/,Arrowroot,0.0,2026,June
..CORDILLERA ADMINISTRATIVE REGION (CAR),Arrowroot,0.0,2026,June
..MIMAROPA REGION,Arrowroot,20.0,2026,June
..NEGROS ISLAND REGION (NIR) 2/,Arrowroot,0.0,2026,June
..National Capital Region (NCR),Arrowroot,0.0,2024,December
..REGION I (ILOCOS REGION),Arrowroot,35.0,2026,June
..REGION II (CAGAYAN VALLEY),Arrowroot,0.0,2026,June
..REGION III (CENTRAL LUZON),Arrowroot,0.0,2026,June
..REGION IV-A (CALABARZON),Arrowroot,0.0,2026,June
..REGION IX (ZAMBOANGA PENINSULA) 3/,Arrowroot,0.0,2026,June
..REGION V (BICOL REGION),Arrowroot,0.0,2026,June
..REGION VI (WESTERN VISAYAS),Arrowroot,0.0,2026,June
..REGION VII (CENTRAL VISAYAS),Arrowroot,0.0,2026,June
..REGION VIII (EASTERN VISAYAS),Arrowroot,0.0,2026,June
..REGION X (NORTHERN MINDANAO),Arrowroot,20.0,2026,June
..REGION XI (DAVAO REGION),Arrowroot,0.0,2026,June
..REGION XII (SOCCSKSARGEN),Arrowroot,0.0,2026,June
..REGION XIII (CARAGA),Arrowroot,0.0,2026,June
PHILIPPINES,Arrowroot,20.05,2026,June
